{
  "login": true,
  "siteOptions": {
    "blogname": "Spiel"
  },
  "steps": [
    {
      "step": "resetData"
    },
    {
      "step": "installTheme",
      "themeData": {
        "resource": "bundled",
        "path": "./spiel.zip"
      },
      "options": {
        "activate": true
      }
    },
    {
      "step": "importWxr",
      "file": {
        "resource": "bundled",
        "path": "./content.xml"
      }
    }
  ],
  "preferredVersions": {
    "php": "8.3",
    "wp": "latest"
  }
}