{
	"settings": {
		"appearanceTools": true,
		"color": {
			"background": true,
			"custom": true,
			"customDuotone": true,
			"customGradient": true,
			"defaultDuotone": false,
			"defaultGradients": false,
			"defaultPalette": false,
			"duotone": [],
			"gradients": [],
			"palette": [
				{
					"color": "#ffffff",
					"name": "Base",
					"slug": "base"
				},
				{
					"color": "#000000",
					"name": "Contrast",
					"slug": "contrast"
				},
				{
					"color": "#296DEB",
					"name": "Primary",
					"slug": "primary"
				},
				{
					"color": "#2e2e2e",
					"name": "Secondary",
					"slug": "secondary"
				},
				{
					"color": "#757575",
					"name": "Tertiary",
					"slug": "tertiary"
				}
			],
			"text": true
		},
		"layout": {
			"contentSize": "650px",
			"wideSize": "1332px"
		},
		"shadow": {
			"defaultPresets": true,
			"presets": []
		},
		"spacing": {
			"customSpacingSize": true,
			"spacingScale": {
				"steps": 0
			},
			"spacingSizes": [
				{
					"name": "1",
					"size": "0.5rem",
					"slug": "30"
				},
				{
					"name": "2",
					"size": "1rem",
					"slug": "40"
				},
				{
					"name": "3",
					"size": "clamp(1.5rem, 2.2408964vw, 2.0rem)",
					"slug": "50"
				},
				{
					"name": "4",
					"size": "clamp(2.0rem, 3.3613445vw, 3.0rem)",
					"slug": "60"
				},
				{
					"name": "5",
					"size": "clamp(2.0rem, 4.4817927vw, 4.0rem)",
					"slug": "70"
				},
				{
					"name": "6",
					"size": "clamp(3.0rem, 6.7226891vw, 6.0rem)",
					"slug": "80"
				}
			],
			"units": [
				"%",
				"px",
				"em",
				"rem",
				"vh",
				"vw"
			]
		},
		"typography": {
			"customFontSize": true,
			"dropCap": true,
			"fluid": true,
			"fontFamilies": [
				{
					"fontFace": [
						{
							"fontFamily": "Orbitron",
							"fontStyle": "normal",
							"fontWeight": "400",
							"src": [
								"file:./assets/fonts/orbitron_normal_400.ttf"
							]
						},
						{
							"fontFamily": "Orbitron",
							"fontStyle": "normal",
							"fontWeight": "500",
							"src": [
								"file:./assets/fonts/orbitron_normal_500.ttf"
							]
						},
						{
							"fontFamily": "Orbitron",
							"fontStyle": "normal",
							"fontWeight": "600",
							"src": [
								"file:./assets/fonts/orbitron_normal_600.ttf"
							]
						},
						{
							"fontFamily": "Orbitron",
							"fontStyle": "normal",
							"fontWeight": "700",
							"src": [
								"file:./assets/fonts/orbitron_normal_700.ttf"
							]
						},
						{
							"fontFamily": "Orbitron",
							"fontStyle": "normal",
							"fontWeight": "800",
							"src": [
								"file:./assets/fonts/orbitron_normal_800.ttf"
							]
						},
						{
							"fontFamily": "Orbitron",
							"fontStyle": "normal",
							"fontWeight": "900",
							"src": [
								"file:./assets/fonts/orbitron_normal_900.ttf"
							]
						}
					],
					"fontFamily": "Orbitron",
					"slug": "orbitron"
				},
				{
					"fontFace": [
						{
							"fontFamily": "Manrope",
							"fontWeight": "200",
							"fontStyle": "normal",
							"src": [
								"file:./assets/fonts/manrope_normal_200.ttf"
							]
						},
						{
							"fontFamily": "Manrope",
							"fontWeight": "300",
							"fontStyle": "normal",
							"src": [
								"file:./assets/fonts/manrope_normal_300.ttf"
							]
						},
						{
							"fontFamily": "Manrope",
							"fontWeight": "400",
							"fontStyle": "normal",
							"src": [
								"file:./assets/fonts/manrope_normal_400.ttf"
							]
						},
						{
							"fontFamily": "Manrope",
							"fontWeight": "500",
							"fontStyle": "normal",
							"src": [
								"file:./assets/fonts/manrope_normal_500.ttf"
							]
						},
						{
							"fontFamily": "Manrope",
							"fontWeight": "600",
							"fontStyle": "normal",
							"src": [
								"file:./assets/fonts/manrope_normal_600.ttf"
							]
						},
						{
							"fontFamily": "Manrope",
							"fontWeight": "800",
							"fontStyle": "normal",
							"src": [
								"file:./assets/fonts/manrope_normal_800.ttf"
							]
						},
						{
							"fontFamily": "Manrope",
							"fontWeight": "700",
							"fontStyle": "normal",
							"src": [
								"file:./assets/fonts/manrope_normal_700.ttf"
							]
						},
						{
							"fontFamily": "Manrope",
							"fontWeight": "200",
							"fontStyle": "italic",
							"src": [
								"file:./assets/fonts/manrope_italic_200.ttf"
							]
						},
						{
							"fontFamily": "Manrope",
							"fontWeight": "300",
							"fontStyle": "italic",
							"src": [
								"file:./assets/fonts/manrope_italic_300.ttf"
							]
						},
						{
							"fontFamily": "Manrope",
							"fontWeight": "400",
							"fontStyle": "italic",
							"src": [
								"file:./assets/fonts/manrope_italic_400.ttf"
							]
						},
						{
							"fontFamily": "Manrope",
							"fontWeight": "500",
							"fontStyle": "italic",
							"src": [
								"file:./assets/fonts/manrope_italic_500.ttf"
							]
						},
						{
							"fontFamily": "Manrope",
							"fontWeight": "600",
							"fontStyle": "italic",
							"src": [
								"file:./assets/fonts/manrope_italic_600.ttf"
							]
						},
						{
							"fontFamily": "Manrope",
							"fontWeight": "700",
							"fontStyle": "italic",
							"src": [
								"file:./assets/fonts/manrope_italic_700.ttf"
							]
						},
						{
							"fontFamily": "Manrope",
							"fontWeight": "800",
							"fontStyle": "italic",
							"src": [
								"file:./assets/fonts/manrope_italic_800.ttf"
							]
						},
						{
							"fontFamily": "Manrope",
							"fontStyle": "normal",
							"fontWeight": "200",
							"src": [
								"file:./assets/fonts/manrope_normal_200.ttf"
							]
						},
						{
							"fontFamily": "Manrope",
							"fontStyle": "normal",
							"fontWeight": "300",
							"src": [
								"file:./assets/fonts/manrope_normal_300.ttf"
							]
						},
						{
							"fontFamily": "Manrope",
							"fontStyle": "normal",
							"fontWeight": "400",
							"src": [
								"file:./assets/fonts/manrope_normal_400.ttf"
							]
						},
						{
							"fontFamily": "Manrope",
							"fontStyle": "normal",
							"fontWeight": "500",
							"src": [
								"file:./assets/fonts/manrope_normal_500.ttf"
							]
						},
						{
							"fontFamily": "Manrope",
							"fontStyle": "normal",
							"fontWeight": "600",
							"src": [
								"file:./assets/fonts/manrope_normal_600.ttf"
							]
						},
						{
							"fontFamily": "Manrope",
							"fontStyle": "normal",
							"fontWeight": "700",
							"src": [
								"file:./assets/fonts/manrope_normal_700.ttf"
							]
						},
						{
							"fontFamily": "Manrope",
							"fontStyle": "normal",
							"fontWeight": "800",
							"src": [
								"file:./assets/fonts/manrope_normal_800.ttf"
							]
						},
						{
							"fontFamily": "Manrope",
							"fontWeight": "200",
							"fontStyle": "normal",
							"src": [
								"file:./assets/fonts/manrope_normal_200.ttf"
							]
						},
						{
							"fontFamily": "Manrope",
							"fontWeight": "300",
							"fontStyle": "normal",
							"src": [
								"file:./assets/fonts/manrope_normal_300.ttf"
							]
						},
						{
							"fontFamily": "Manrope",
							"fontWeight": "400",
							"fontStyle": "normal",
							"src": [
								"file:./assets/fonts/manrope_normal_400.ttf"
							]
						},
						{
							"fontFamily": "Manrope",
							"fontWeight": "500",
							"fontStyle": "normal",
							"src": [
								"file:./assets/fonts/manrope_normal_500.ttf"
							]
						},
						{
							"fontFamily": "Manrope",
							"fontWeight": "600",
							"fontStyle": "normal",
							"src": [
								"file:./assets/fonts/manrope_normal_600.ttf"
							]
						},
						{
							"fontFamily": "Manrope",
							"fontWeight": "700",
							"fontStyle": "normal",
							"src": [
								"file:./assets/fonts/manrope_normal_700.ttf"
							]
						},
						{
							"fontFamily": "Manrope",
							"fontWeight": "800",
							"fontStyle": "normal",
							"src": [
								"file:./assets/fonts/manrope_normal_800.ttf"
							]
						}
					],
					"fontFamily": "Manrope",
					"slug": "manrope"
				}
			],
			"fontSizes": [
				{
					"fluid": false,
					"name": "Extra Small",
					"size": "0.868rem",
					"slug": "x-small"
				},
				{
					"fluid": {
						"max": "1.042rem",
						"min": "0.868rem"
					},
					"name": "Small",
					"size": "1.042rem",
					"slug": "small"
				},
				{
					"fluid": {
						"max": "1.25rem",
						"min": "1.042rem"
					},
					"name": "Medium",
					"size": "1.25rem",
					"slug": "medium"
				},
				{
					"fluid": {
						"max": "1.5rem",
						"min": "1.25rem"
					},
					"name": "Large",
					"size": "1.5rem",
					"slug": "large"
				},
				{
					"fluid": {
						"max": "1.8rem",
						"min": "1.5rem"
					},
					"name": "Extra Large",
					"size": "1.8rem",
					"slug": "x-large"
				},
				{
					"fluid": {
						"max": "2.592rem",
						"min": "1.8rem"
					},
					"name": "Double Extra Large",
					"size": "2.592rem",
					"slug": "xx-large"
				},
				{
					"fluid": {
						"max": "3.732rem",
						"min": "2.592rem"
					},
					"name": "Triple Extra Large",
					"size": "3.732rem",
					"slug": "xxx-large"
				},
				{
					"fluid": {
						"max": "4.479rem",
						"min": "2.592rem"
					},
					"name": "Quadruple Extra Large",
					"size": "4.479rem",
					"slug": "xxxx-large"
				}
			],
			"fontStyle": true,
			"fontWeight": true,
			"letterSpacing": true,
			"textDecoration": true,
			"textTransform": true
		},
		"useRootPaddingAwareAlignments": true
	},
	"styles": {
		"blocks": {
			"core/archives": {
				"css": "& {list-style-type:none;}",
				"elements": {
					"link": {
						":hover": {
							"color": {
								"text": "var(--wp--preset--color--primary)"
							}
						},
						"color": {
							"text": "var(--wp--preset--color--contrast)"
						}
					}
				},
				"spacing": {
					"padding": {
						"left": "0"
					}
				}
			},
			"core/avatar": {
				"border": {
					"radius": "999px"
				},
				"typography": {
					"lineHeight": "0"
				}
			},
			"core/button": {
				"variations": {
					"outline": {
						"spacing": {
							"padding": {
								"bottom": "calc(1.0625rem - 2px)",
								"left": "calc(2.125rem - 2px)",
								"right": "calc(2.125rem - 2px)",
								"top": "calc(1.0625rem - 2px)"
							}
						}
					}
				}
			},
			"core/buttons": {
				"spacing": {
					"blockGap": "var(--wp--preset--spacing--40)"
				}
			},
			"core/calendar": {
				"css": ".wp-block-calendar table:where(:not(.has-text-color)) {color: var(--wp--preset--color--contrast);} &.wp-block-calendar table:where(:not(.has-text-color)) td {border-color: var(--wp--preset--color--contrast);} &.wp-block-calendar table:where(:not(.has-text-color)) th {border-color: var(--wp--preset--color--contrast);} & :where(.wp-block-calendar table:not(.has-background) th) {background-color: var(--wp--preset--color--contrast);color: var(--wp--preset--color--base);}",
				"elements": {
					"link": {
						":hover": {
							"color": {
								"text": "var(--wp--preset--color--tertiary)"
							}
						}
					}
				}
			},
			"core/categories": {
				"css": "& {list-style-type:none;}",
				"elements": {
					"link": {
						":hover": {
							"color": {
								"text": "var(--wp--preset--color--primary)"
							}
						},
						"color": {
							"text": "var(--wp--preset--color--contrast)"
						}
					}
				},
				"spacing": {
					"padding": {
						"left": "0"
					}
				}
			},
			"core/code": {
				"border": {
					"color": "var(--wp--preset--color--contrast)",
					"radius": "0",
					"style": "solid",
					"width": "1px"
				},
				"spacing": {
					"padding": {
						"bottom": "var(--wp--preset--spacing--40)",
						"left": "var(--wp--preset--spacing--40)",
						"right": "var(--wp--preset--spacing--40)",
						"top": "var(--wp--preset--spacing--40)"
					}
				},
				"typography": {
					"fontFamily": "monospace",
					"fontSize": "var(--wp--preset--font-size--small)",
					"lineHeight": "1.25"
				}
			},
			"core/comment-author-name": {
				"color": {
					"text": "var(--wp--preset--color--contrast)"
				},
				"elements": {
					"link": {
						":hover": {
							"color": {
								"text": "var(--wp--preset--color--primary)"
							}
						},
						"color": {
							"text": "var(--wp--preset--color--contrast)"
						}
					}
				},
				"typography": {
					"fontSize": "var(--wp--preset--font-size--small)"
				}
			},
			"core/comment-date": {
				"color": {
					"text": "var(--wp--preset--color--contrast)"
				},
				"elements": {
					"link": {
						":hover": {
							"color": {
								"text": "var(--wp--preset--color--primary)"
							}
						},
						"color": {
							"text": "var(--wp--preset--color--contrast)"
						}
					}
				},
				"typography": {
					"fontSize": "var(--wp--preset--font-size--small)"
				}
			},
			"core/comment-edit-link": {
				"typography": {
					"fontSize": "var(--wp--preset--font-size--small)"
				}
			},
			"core/comment-reply-link": {
				"typography": {
					"fontSize": "var(--wp--preset--font-size--small)"
				}
			},
			"core/comments-pagination": {
				"elements": {
					"link": {
						":hover": {
							"color": {
								"text": "var(--wp--preset--color--primary)"
							}
						},
						"color": {
							"text": "var(--wp--preset--color--contrast)"
						}
					}
				},
				"typography": {
					"fontSize": "var(--wp--preset--font-size--small)"
				}
			},
			"core/comments-title": {
				"spacing": {
					"margin": {
						"bottom": "0px"
					}
				},
				"typography": {
					"fontSize": "var(--wp--preset--font-size--medium)"
				}
			},
			"core/cover": {
				"color": {
					"text": "var(--wp--preset--color--base)"
				},
				"spacing": {
					"padding": {
						"bottom": "var(--wp--preset--spacing--50)",
						"left": "var(--wp--preset--spacing--50)",
						"right": "var(--wp--preset--spacing--50)",
						"top": "var(--wp--preset--spacing--50)"
					}
				}
			},
			"core/image": {
				"css": " .wp-element-caption{text-align:center;}"
			},
			"core/latest-comments": {
				"css": " .wp-block-latest-comments__comment-author{font-size: inherit;} & .wp-block-latest-comments__comment-date{font-size: inherit;} & .wp-block-latest-comments__comment-excerpt p{font-size: inherit;} & .wp-block-latest-comments__comment-excerpt p{margin:0 0 var(--wp--style--block-gap)} &:where(.wp-block-latest-comments:not([style*=line-height] .wp-block-latest-comments__comment-excerpt p)){line-height:inherit;}",
				"spacing": {
					"padding": {
						"left": "0px"
					}
				}
			},
			"core/latest-posts": {
				"css": " .wp-block-latest-posts__post-author{font-size: inherit;} & .wp-block-latest-posts__post-date{font-size: inherit;} & .wp-block-latest-posts__post-excerpt{margin:0 0 var(--wp--style--block-gap)}",
				"elements": {
					"link": {
						":hover": {
							"color": {
								"text": "var(--wp--preset--color--primary)"
							}
						},
						"color": {
							"text": "var(--wp--preset--color--contrast)"
						}
					}
				}
			},
			"core/list": {
				"spacing": {
					"padding": {
						"left": "var(--wp--preset--spacing--40)"
					}
				}
			},
			"core/navigation": {
				"css": ".wp-block-navigation:not(.has-background) .wp-block-navigation__submenu-container {border-color: var(--wp--preset--color--contrast);}",
				"typography": {
					"fontSize": "var(--wp--preset--font-size--small)"
				}
			},
			"core/page-list": {
				"css": "& {list-style-type:none;}",
				"elements": {
					"link": {
						":hover": {
							"color": {
								"text": "var(--wp--preset--color--primary)"
							}
						},
						"color": {
							"text": "var(--wp--preset--color--contrast)"
						}
					}
				},
				"spacing": {
					"padding": {
						"left": "0"
					}
				}
			},
			"core/paragraph": {
				"typography": {
					"lineHeight": "calc(1em + 0.75rem)"
				}
			},
			"core/post-author": {
				"css": ".wp-block-post-author .wp-block-post-author__byline{font-size:inherit;}&.wp-block-post-author .wp-block-post-author__name a{text-decoration:none;}&.wp-block-post-author .wp-block-post-author__bio{font-size:inherit;margin:0;}& .wp-block-post-author__avatar img{border-radius: 999px;margin-top:4px;vertical-align:middle;}",
				"elements": {
					"link": {
						":hover": {
							"color": {
								"text": "var(--wp--preset--color--primary)"
							}
						},
						"color": {
							"text": "var(--wp--preset--color--contrast)"
						}
					}
				},
				"typography": {
					"fontSize": "var(--wp--preset--font-size--small)"
				}
			},
			"core/post-author-biography": {
				"typography": {
					"fontSize": "var(--wp--preset--font-size--x-small)"
				}
			},
			"core/post-author-name": {
				"color": {
					"text": "var(--wp--preset--color--tertiary)"
				},
				"elements": {
					"link": {
						":hover": {
							"color": {
								"text": "var(--wp--preset--color--primary)"
							}
						},
						"color": {
							"text": "var(--wp--preset--color--tertiary)"
						},
						"typography": {
							"textDecoration": "none"
						}
					}
				},
				"typography": {
					"fontSize": "var(--wp--preset--font-size--x-small)"
				}
			},
			"core/post-comments-count": {
				"typography": {
					"fontSize": "var(--wp--preset--font-size--x-small)"
				}
			},
			"core/post-comments-form": {
				"css": ".wp-block-post-comments-form .comment-form input:not([type=submit]):not([type=checkbox]){line-height: inherit;}&.wp-block-post-comments-form .comment-form textarea{line-height: inherit;}&.wp-block-post-comments-form .form-submit {margin-bottom: 0;}&.wp-block-post-comments-form .comment-form > *:not(.comment-form-cookies-consent,.comment-subscription-form){margin-top:var(--wp--preset--spacing--50);margin-bottom:0;}}"
			},
			"core/post-comments-link": {
				"typography": {
					"fontSize": "var(--wp--preset--font-size--x-small)"
				}
			},
			"core/post-content": {
				"elements": {
					"heading": {
						"spacing": {
							"margin": {
								"top": "var(--wp--preset--spacing--70)"
							}
						}
					}
				}
			},
			"core/post-date": {
				"elements": {
					"link": {
						":hover": {
							"color": {
								"text": "var(--wp--preset--color--primary)"
							}
						},
						"color": {
							"text": "var(--wp--preset--color--contrast)"
						}
					}
				},
				"typography": {
					"fontSize": "var(--wp--preset--font-size--x-small)"
				}
			},
			"core/post-excerpt": {
				"css": ".wp-block-post-excerpt .wp-block-post-excerpt__excerpt{line-height: inherit;}"
			},
			"core/post-navigation-link": {
				"elements": {
					"link": {
						":hover": {
							"color": {
								"text": "var(--wp--preset--color--primary)"
							}
						},
						"color": {
							"text": "var(--wp--preset--color--contrast)"
						}
					}
				},
				"typography": {
					"fontSize": "var(--wp--preset--font-size--small)",
					"fontStyle": "normal"
				}
			},
			"core/post-terms": {
				"elements": {
					"link": {
						":hover": {
							"color": {
								"text": "var(--wp--preset--color--primary)"
							}
						},
						"color": {
							"text": "var(--wp--preset--color--contrast)"
						}
					}
				},
				"typography": {
					"fontSize": "var(--wp--preset--font-size--x-small)"
				}
			},
			"core/post-time-to-read": {
				"typography": {
					"fontSize": "var(--wp--preset--font-size--x-small)"
				}
			},
			"core/post-title": {
				"color": {
					"text": "var(--wp--preset--color--contrast)"
				},
				"elements": {
					"link": {
						":hover": {
							"color": {
								"text": "var(--wp--preset--color--primary)"
							}
						},
						"color": {
							"text": "var(--wp--preset--color--contrast)"
						}
					}
				},
				"typography": {
					"fontSize": "var(--wp--preset--font-size--x-large)",
					"fontStyle": "normal"
				}
			},
			"core/pullquote": {
				"border": {
					"color": "var(--wp--preset--color--contrast)",
					"style": "solid",
					"width": "1px 0"
				},
				"css": ".wp-block-pullquote cite {display:block;margin-top: var(--wp--preset--spacing--50)}",
				"spacing": {
					"padding": {
						"bottom": "var(--wp--preset--spacing--50)",
						"left": "var(--wp--preset--spacing--50)",
						"right": "var(--wp--preset--spacing--50)",
						"top": "var(--wp--preset--spacing--50)"
					}
				},
				"typography": {
					"fontSize": "var(--wp--preset--font-size--large)",
					"fontStyle": "italic"
				}
			},
			"core/query-pagination": {
				"css": ".wp-block-query-pagination .wp-block-query-pagination-next{margin-bottom:0;}&.wp-block-query-pagination .wp-block-query-pagination-previous{margin-bottom:0;}",
				"elements": {
					"link": {
						":hover": {
							"color": {
								"text": "var(--wp--preset--color--primary)"
							}
						},
						"color": {
							"text": "var(--wp--preset--color--contrast)"
						}
					}
				},
				"typography": {
					"fontSize": "var(--wp--preset--font-size--small)"
				}
			},
			"core/query-title": {
				"typography": {
					"fontSize": "var(--wp--preset--font-size--medium)"
				}
			},
			"core/quote": {
				"border": {
					"color": "var(--wp--preset--color--contrast)",
					"style": "solid",
					"width": "0 0 0 1px"
				},
				"spacing": {
					"padding": {
						"left": "var(--wp--preset--spacing--40)"
					}
				},
				"typography": {
					"fontStyle": "italic"
				},
				"variations": {
					"plain": {
						"border": {
							"width": "0"
						},
						"spacing": {
							"padding": {
								"left": "0"
							}
						},
						"typography": {
							"fontStyle": "normal"
						}
					}
				}
			},
			"core/rss": {
				"elements": {
					"link": {
						":hover": {
							"color": {
								"text": "var(--wp--preset--color--primary)"
							}
						},
						"color": {
							"text": "var(--wp--preset--color--contrast)"
						}
					}
				}
			},
			"core/search": {
				"border": {
					"radius": "0"
				},
				"css": " :where(.wp-block-search__button-inside .wp-block-search__inside-wrapper) .wp-block-search__input {padding: 0 8px;}",
				"elements": {
					"button": {
						"spacing": {
							"margin": {
								"left": "4px"
							},
							"padding": "8px"
						}
					}
				},
				"typography": {
					"fontSize": "var(--wp--preset--font-size--small)",
					"lineHeight": "1"
				}
			},
			"core/separator": {
				"border": {
					"color": "currentColor",
					"style": "solid",
					"width": "0 0 1px 0"
				},
				"color": {
					"text": "var(--wp--preset--color--contrast)"
				}
			},
			"core/site-tagline": {
				"typography": {
					"fontSize": "var(--wp--preset--font-size--small)"
				}
			},
			"core/site-title": {
				"elements": {
					"link": {
						":hover": {
							"color": {
								"text": "var(--wp--preset--color--base)"
							}
						},
						"color": {
							"text": "var(--wp--preset--color--base)"
						}
					}
				},
				"typography": {
					"fontFamily": "var(--wp--preset--font-family--orbitron)",
					"fontSize": "var(--wp--preset--font-size--xxxx-large)",
					"fontStyle": "normal",
					"fontWeight": "700",
					"lineHeight": "0.85",
					"textTransform": "uppercase"
				}
			},
			"core/social-links": {
				"spacing": {
					"blockGap": {
						"left": "var(--wp--preset--spacing--40)",
						"top": "var(--wp--preset--spacing--40)"
					}
				}
			},
			"core/spacer": {
				"spacing": {
					"margin": {
						"bottom": "0",
						"top": "0"
					}
				}
			},
			"core/table": {
				"css": " thead{border-bottom-width: 1px;} & tfoot{border-top-width: 1px;} & + .wp-element-caption{text-align:center;}"
			},
			"core/table-of-contents": {
				"elements": {
					"link": {
						":hover": {
							"color": {
								"text": "var(--wp--preset--color--primary)"
							}
						},
						"color": {
							"text": "var(--wp--preset--color--contrast)"
						}
					}
				}
			},
			"core/tag-cloud": {
				"css": ".wp-block-tag-cloud.is-style-outline{font-size:var(--wp--preset--font-size--small)}&.wp-block-tag-cloud.is-style-outline a {border-radius: 999px;padding: 0 1rem;}&.wp-block-tag-cloud.is-style-outline a:hover {color: var(--wp--preset--color--base);background-color: var(--wp--preset--color--primary);}"
			},
			"core/term-description": {
				"css": ".wp-block-term-description p:first-child {margin-top: 0;} .wp-block-term-description p:last-child {margin-bottom: 0;}",
				"typography": {
					"fontSize": "var(--wp--preset--font-size--small)"
				}
			}
		},
		"color": {
			"background": "var(--wp--preset--color--base)",
			"text": "var(--wp--preset--color--contrast)"
		},
		"elements": {
			"button": {
				":active": {
					"color": {
						"background": "var(--wp--preset--color--primary)",
						"text": "var(--wp--preset--color--base)"
					}
				},
				":focus": {
					"color": {
						"background": "var(--wp--preset--color--primary)",
						"text": "var(--wp--preset--color--base)"
					},
					"outline": {
						"color": "var(--wp--preset--color--primary)",
						"offset": "2px",
						"style": "dotted",
						"width": "1px"
					}
				},
				":hover": {
					"color": {
						"background": "var(--wp--preset--color--primary)",
						"text": "var(--wp--preset--color--base)"
					}
				},
				"border": {
					"radius": "0"
				},
				"color": {
					"background": "var(--wp--preset--color--contrast)",
					"text": "var(--wp--preset--color--base)"
				},
				"spacing": {
					"padding": {
						"bottom": "1.0625rem",
						"left": "2.125rem",
						"right": "2.125rem",
						"top": "1.0625rem"
					}
				},
				"typography": {
					"fontSize": "var(--wp--preset--font-size--x-small)",
					"fontWeight": "800",
					"letterSpacing": "0.01em",
					"lineHeight": "1",
					"textTransform": "uppercase"
				}
			},
			"caption": {
				"color": {
					"text": "var(--wp--preset--color--contrast)"
				},
				"spacing": {
					"margin": {
						"bottom": "var(--wp--preset--spacing--50)",
						"top": "var(--wp--preset--spacing--30)"
					}
				},
				"typography": {
					"fontSize": "var(--wp--preset--font-size--x-small)"
				}
			},
			"h1": {
				"typography": {
					"fontSize": "var(--wp--preset--font-size--x-large)"
				}
			},
			"h2": {
				"typography": {
					"fontSize": "var(--wp--preset--font-size--large)"
				}
			},
			"h3": {
				"typography": {
					"fontSize": "var(--wp--preset--font-size--medium)"
				}
			},
			"h4": {
				"typography": {
					"fontSize": "var(--wp--preset--font-size--small)"
				}
			},
			"h5": {
				"typography": {
					"fontSize": "var(--wp--preset--font-size--x-small)",
					"textTransform": "uppercase"
				}
			},
			"h6": {
				"typography": {
					"fontSize": "var(--wp--preset--font-size--x-small)"
				}
			},
			"heading": {
				"typography": {
					"fontStyle": "normal",
					"fontWeight": "800",
					"lineHeight": "1.2"
				}
			},
			"link": {
				":hover": {
					"color": {
						"text": "var(--wp--preset--color--tertiary)"
					}
				},
				"color": {
					"text": "var(--wp--preset--color--primary)"
				},
				"typography": {
					"textDecoration": "none"
				}
			}
		},
		"spacing": {
			"blockGap": "var(--wp--preset--spacing--50)",
			"padding": {
				"bottom": "0",
				"left": "var(--wp--preset--spacing--60)",
				"right": "var(--wp--preset--spacing--60)",
				"top": "0"
			}
		},
		"typography": {
			"fontFamily": "var(--wp--preset--font-family--manrope)",
			"fontSize": "var(--wp--preset--font-size--medium)",
			"fontWeight": "500",
			"letterSpacing": "-0.005em",
			"lineHeight": "1.4"
		}
	},
	"templateParts": [
		{
			"area": "uncategorized",
			"name": "comments",
			"title": "Comments"
		},
		{
			"area": "header",
			"name": "header",
			"title": "Header"
		},
		{
			"area": "footer",
			"name": "footer",
			"title": "Footer"
		},
		{
			"area": "uncategorized",
			"name": "sidebar",
			"title": "Sidebar"
		}
	],
	"version": 2,
	"$schema": "https://schemas.wp.org/trunk/theme.json"
}
